user_id,name,email,role,password,Creation_date
d192d007-1357-4b1b-894d-60f6f2e5d7cd,Mayer Maybury,mayer.maybury@gmail.com,Recipient,uF1%RLLV,7/28/2025
d913bdc3-21b7-489e-b92b-902f3265a286,Marabel Doggrell,marabel.doggrell@hotmail.com,Recipient,cQ3(!@3IkY?JuG,8/16/2025
aa6a8b79-2bb1-4f44-be57-c1b4a582b974,Luella Cammis,luella.cammis@yahoo.com,Donor,zZ6+\Z&<6_8&2/,8/14/2025
46e74fb7-ef53-4a2a-9a16-01e32ed4d3e4,Alisa Chatainier,alisa.chatainier@verizon.net,Recipient,jS2{kZzH%_G3,03/10/2025
d6b62847-c464-449f-a173-f53fd02e50e9,Daryl Browne,daryl.browne@hotmail.com,Donor,fU0=Mfv/VPUt(,12/29/2024
6e0091d9-055b-45b9-9a55-9c7e1fbfcc28,Norrie Rodenburg,norrie.rodenburg@hotmail.com,Donor,eJ0)u3uOz|%/{}sz,8/29/2024
3dd3fc4f-b1fb-4b18-bd01-f154f1d647b3,Lezlie Gymblett,lezlie.gymblett@yahoo.com,Recipient,dG6!DS~=ZBQA>cH,08/07/2025
982eada1-b1a1-4b94-ae38-ce7215b12ac8,Cyrille Mowat,cyrille.mowat@gmail.com,Donor,"pT6$9""gRb",02/01/2025
a6504d85-8795-401b-9447-a2dbcb8f5cdc,Sherm Scoggans,sherm.scoggans@hotmail.com,Recipient,yC1{lAssxS,1/15/2025
8d6ae303-0d32-44ea-8cdb-6d8a1ce3ee18,Bird Rodden,bird.rodden@gmail.com,Recipient,nT1$AvwJ1=*8Kp,10/29/2024
c297062b-d49b-48b9-a419-7bdc98df5d3e,Rani Will,rani.will@hotmail.com,Donor,qF2{XL*T7,4/22/2025
1ac003da-a96f-434a-a48c-efafb673e177,Violetta Noorwood,violetta.noorwood@hotmail.com,Admin,"nS0@DX<""U\",02/01/2025
44916eb3-0d50-4a8e-9e6a-f23c4c8b09aa,Neal Jaeggi,neal.jaeggi@gmail.com,Donor,zV4(U/Wd8X)@`\R,05/07/2025
fe026ea3-a7f7-48ec-940d-192b10ae4708,Garfield Danieli,garfield.danieli@hotmail.com,Recipient,gQ4&aXrur{7=cMx,10/14/2024
187ba442-940c-46b9-891f-87720f1354ba,Tanitansy McNeice,tanitansy.mcneice@yahoo.com,Donor,rC3<29ewcAE,07/09/2025
53211390-27f8-4cbd-a659-8af8382bb3c2,Shay Eynald,shay.eynald@gmail.com,Recipient,rT6=Y7H>D}wg`.6,02/11/2025
fcd96fb9-310f-4b94-97f0-0c3e9cc7f0a6,Zane Welbourn,zane.welbourn@gmail.com,Recipient,iL9=N'7fbi(!<,05/03/2025
1844479b-d724-43ae-84ca-d74880a9f54b,Terri Ballach,terri.ballach@yahoo.co.uk,Admin,"qF0\'Re@a""3Pb4",01/11/2025
29047bcc-92b9-4d86-9789-ea77227d3b85,Jess Lening,jess.lening@gmail.com,Donor,iX2'sYu.3=,8/27/2024
ad46457f-f388-41d4-b04e-265cf9314ad3,Andria Daniell,andria.daniell@yahoo.com,Recipient,"jG1)u_=""u|F",1/21/2025
1dd9bc47-a325-431e-ba2b-24d48ead6da0,Shellysheldon Barnhill,shellysheldon.barnhill@aol.com,Admin,kA4@pz@zsI|,3/16/2025
2d1b52a1-2357-48a5-b9c6-e62646619281,Fred Escalera,fred.escalera@yahoo.com,Donor,qY9&dZ2aC>z)_7=Z,06/08/2025
cb059549-7606-4afa-a646-957774e528ed,Jemima Barnwill,jemima.barnwill@hotmail.com,Recipient,gY3.'m$+7l9%>X|,6/22/2025
c1eb8009-1513-4ca7-b731-c88d719be0be,Guillermo MacConneely,guillermo.macconneely@yahoo.com,Recipient,qI7+H'>og5EFt3,8/29/2024
7c5e15d0-a6f7-4add-93c6-c25703ff0676,Lavena Garshore,lavena.garshore@hotmail.com,Recipient,zF1&!3snm4+,2/19/2025
423d24de-8472-418b-a34e-8e8fb60ae719,Gale Wagstaffe,gale.wagstaffe@gmail.com,Donor,bW2~ln*@ZD,11/17/2024
a33689c3-33c2-40aa-8344-fe23c6cbeda3,Torrance Lording,torrance.lording@yahoo.com,Admin,"dM6`o1=+TGi""F",3/16/2025
e047a3f7-0e6c-48d3-9b10-537d4b9b518e,Hillary Edgecombe,hillary.edgecombe@hotmail.com,Donor,fF1*3ZFR,05/01/2025
a7641c8c-2ed7-45e9-8066-50312d540de4,Theresina Godbold,theresina.godbold@gmail.com,Recipient,lT0$4+b{%qR+by=q,11/06/2024
1132a47b-3edb-4a2c-a665-bfd11d194e11,Lloyd Lambird,lloyd.lambird@yahoo.com,Recipient,nX0(|2OY,8/22/2024
b40a11f1-0fe5-4808-b9ec-c47ccbc8c803,Tressa Muggach,tressa.muggach@free.fr,Donor,fA5}dhvrt,5/29/2025
60fdafbc-85a7-4af7-b8d0-b1609580d570,James Reason,james.reason@aol.com,Recipient,"bX7><'gob,,",06/02/2025
7fb30885-0aa0-49a1-87c6-8a568a814193,Paton Kew,paton.kew@hotmail.com,Donor,hH1'8A>VT?wXxfG},3/27/2025
e33a251b-de59-45d1-826e-4e3e08ce166f,Mable O'Gavin,mable.ogavin@hotmail.es,Donor,kS4&h\bi,6/29/2025
be703966-250a-45ef-bbd8-46274198ef3c,Stormie Yellowley,stormie.yellowley@gmail.com,Recipient,nU0/=I{&x,11/12/2024
c22c7c65-50db-4115-b703-9d1aeb485d4a,Bertine Edgars,bertine.edgars@yahoo.com,Donor,wK6!99!@x2}.kTpg,03/02/2025
047fbc2f-1113-4d23-bb74-aa80d06aa7f8,Marje Arsey,marje.arsey@gmail.com,Donor,wX5<`lTVv!d,05/10/2025
92135912-b66e-4204-8672-8b231046d71c,Jori Connick,jori.connick@gmail.com,Recipient,fY6&Qb&n\>c,9/14/2024
d6de6ddf-6dda-46aa-a7e7-fb63a7ab6584,Lanita Lundy,lanita.lundy@rocketmail.com,Donor,lA4<Jp=@2,12/17/2024
1d20d80a-d577-4beb-b4e9-e9fc20ba514e,Bronnie Annakin,bronnie.annakin@hotmail.com,Donor,nY4#l7#E#zNJMc.),1/16/2025
065fd686-971b-4445-af7b-fd6689f631f1,Rakel Bewley,rakel.bewley@wanadoo.fr,Donor,jR4$R8Us0?IXm,9/30/2024
3355251e-b391-4df6-98f1-f02caf65a7b2,Kaleena Wallworth,kaleena.wallworth@windstream.net,Donor,"sP5?,p~$Z3@olSO|",8/24/2024
614b15ea-9cc4-448e-881b-648ebc714827,Jennica Carluccio,jennica.carluccio@yahoo.com.br,Donor,iL8|&8%$2,7/24/2025
23b7a8bd-dc53-4c3a-ae18-409a95233752,Ophelie Ablewhite,ophelie.ablewhite@gmail.com,Recipient,jK4@|<76,09/06/2024
1f2790f5-3b2d-473f-bc06-f5428aeff34e,Dianemarie Millam,dianemarie.millam@yahoo.com,Donor,mT1$1$I+{,12/11/2024
678c8fde-4da2-4133-9bcf-29f81331e4c7,Thomasine Yeomans,thomasine.yeomans@yahoo.fr,Recipient,aK6}h#@Bp%D&w)y,8/21/2025
92e3ac65-2c3e-494e-8530-98eaea1b37d6,Lynea Nadin,lynea.nadin@hotmail.com,Donor,"qX5?""tL&@S",02/01/2025
759b5391-24f2-4e22-ab77-d6a220f462da,Ives Stean,ives.stean@aol.com,Donor,"cC3%L3I\HP,",04/12/2025
dbf313ab-6585-4d9c-b905-a9dc18c2f7d7,Siffre Skayman,siffre.skayman@gmail.com,Admin,lF6/M\XKn,10/07/2024
adaf7ab7-f7c9-4827-804a-e2a5c3b1fe13,Sayres Kibble,sayres.kibble@yahoo.com.br,Recipient,oG5!y?#u8D~?6}`w,10/18/2024
2ddb8e8d-e423-42c7-b8e9-1b4e700f67b1,Kalvin Turnbull,kalvin.turnbull@yahoo.com,Admin,lD5}{Z&OyY'AE|,01/04/2025
a82f6cd4-8f13-40a8-befc-1d20ad9a2814,Franzen Salmen,franzen.salmen@yahoo.com,Admin,wG5>yr#ZQ`8Ut,8/18/2025
26c586c3-179d-4763-8bb1-998a1ce4f7e1,Neilla Tutchings,neilla.tutchings@gmail.com,Donor,uH0@{E&cd`eYHA,05/10/2025
7c8058aa-0fb2-42f1-954e-9b3a07edaef4,Mada Engelbrecht,mada.engelbrecht@aol.com,Recipient,hS9>)p~K3Ry~A8,11/15/2024
9bae66d9-5129-44bd-81d7-3768faa11639,Berte Mix,berte.mix@gmx.de,Admin,dY5)S&e4<,2/19/2025
29ea173a-a1bd-4462-bbba-72c7ccddc803,Sabina Burdis,sabina.burdis@yahoo.com,Recipient,sM5+lb#h5!?,7/28/2025
620612e2-a71a-40dc-9e09-e6217cf87e7b,Kaylee Pietri,kaylee.pietri@yahoo.com,Recipient,fA1|rPD9+mz`w,7/27/2025
385d4b88-9617-4cde-ba19-6fa44a4eee5b,Radcliffe Wimp,radcliffe.wimp@comcast.net,Recipient,aE1*It(G*9_W{~,6/14/2025
df3b86de-1558-48c5-81f4-949c4216217b,Sigmund McMurty,sigmund.mcmurty@yahoo.com,Recipient,pQ6*qTB/sMA,8/27/2024
e7e1ce81-92e2-4661-8b67-53e3c1fe3fb8,Abagail Fingleton,abagail.fingleton@msn.com,Donor,rX6!'F!Hd,04/11/2025
c9da96a8-1693-4b39-919e-692ad3186a0c,Ruperta Meriton,ruperta.meriton@hotmail.com,Donor,"uM5*@E@Or<""3VRI",12/09/2024
ebe65f1a-70a4-45f7-b9ed-955b05f5c282,Feliks Algie,feliks.algie@ig.com.br,Recipient,rR2<T?cAY}X,09/03/2024
6af29ea2-e503-41c0-8bd7-1487935bb901,Braden Hoffman,braden.hoffman@gmail.com,Donor,pU9!=o6Z_,9/21/2024
213e6bee-deb7-4d77-bdbd-a22f5a6f1f5a,Angus Wicken,angus.wicken@gmail.com,Recipient,oB1+cAba@?anWO,1/30/2025
9bf1563b-3f7c-493c-b814-dff77d79a399,Sapphira Clemmow,sapphira.clemmow@yahoo.ca,Recipient,zY7*?I{H,5/25/2025
903f0292-7e84-407a-ae88-b4164b4400b4,Maurizia Raftery,maurizia.raftery@hotmail.fr,Donor,"wG7""r""N9#",12/13/2024
913ff569-4884-4dc0-b637-54f4ba5b34ea,Vanni Johnstone,vanni.johnstone@yahoo.co.in,Donor,"eC3,9G)hu",12/30/2024
467069a3-dc97-4852-a39f-49ff16716d58,Kirstin Ronisch,kirstin.ronisch@hotmail.com,Donor,fB7\\Id=.K~#noG,5/27/2025
e4596351-a7a7-4186-93f4-c5f3e5e6879f,Robin Mathet,robin.mathet@yahoo.com,Recipient,"lN1,SIRI",8/23/2024
1465154c-6a36-461c-8c76-7c1987d62869,Zaneta Lushey,zaneta.lushey@hotmail.com,Recipient,bQ0%DS}h,07/09/2025
f09cacf3-ee4f-4667-9642-2b985550fd2e,Buckie Linke,buckie.linke@yahoo.com,Admin,"iD0|zhO5m""+Imn",9/15/2024
aa9e577a-80d2-4be0-9232-da56a60f7376,Olia Grunson,olia.grunson@gmail.com,Admin,yQ9==%bL,09/07/2024
19f65efe-4a11-436b-bf49-4b00329dba1d,Amelie Bandey,amelie.bandey@yahoo.com,Donor,wX9?y0s(,11/27/2024
a8a4f5a3-3897-4073-93d6-9d709c6f2def,Gerianna Starcks,gerianna.starcks@wanadoo.fr,Donor,nE7}pvZOcI,02/05/2025
dbe8af04-724e-44bb-af40-2a82c324badb,Antin Marians,antin.marians@gmail.com,Donor,sD5\Zv.p\`86aF,04/08/2025
2985874e-03de-4916-99eb-3ad7efbd43a6,Leonora McCurtain,leonora.mccurtain@ymail.com,Recipient,bO9'3tG'uM\=@$,6/24/2025
5fc2be34-a390-43ac-9b31-7e718eca276e,Faulkner Kitto,faulkner.kitto@yahoo.com,Admin,"zY2?CM\N8""er*u",02/09/2025
807ddc5f-51cf-403b-b0e1-1d8f1c08ba2e,Carley Chapellow,carley.chapellow@hotmail.com,Recipient,yJ5|Vktu{,5/29/2025
40e630ea-0b39-43fe-b5d8-8095c4fa55e2,Tamarra Mouser,tamarra.mouser@live.nl,Recipient,zN9>/w%sL,11/25/2024
2dbf5c18-c1e1-4850-8cfd-cb4dce602ff0,Gill Roaf,gill.roaf@hotmail.com,Recipient,eE5$SC~ZOcH&D,09/06/2024
3505a0eb-2b68-4462-a60b-9b7d3fa2826b,Erma Brixey,erma.brixey@gmail.com,Admin,mH5?4guiL!V,3/19/2025
240701ac-6c32-489c-8d20-d963c8b609ff,Marcie Marrington,marcie.marrington@yahoo.com,Admin,"hV9,sw36HRNK",6/28/2025
f5486e28-24cb-4270-8194-ca2c9c4f457a,Dina Blakeney,dina.blakeney@gmail.com,Donor,rN1<kSpBMJhssX,10/22/2024
6d388561-0a5a-42a7-a5c1-da887c63415e,Ruthann Nuemann,ruthann.nuemann@rocketmail.com,Donor,jC3.E{R82uJJgyY9,06/04/2025
7b5161d1-b1b0-4648-a410-bbc86d8b8f3c,Raquel Blankenship,raquel.blankenship@yahoo.com,Donor,hT8/nUb8qlXC#ByR,12/21/2024
b6850e57-dead-4e93-9501-f2f0fced1896,Lucius Hunnybun,lucius.hunnybun@hotmail.fr,Recipient,iM4/z!icX9$U8ME,12/24/2024
e6bcb765-c031-4e23-aa4f-a5669efe8a0e,Corrinne Fere,corrinne.fere@yahoo.com,Donor,pR0\iIDV9d\>,6/29/2025
55ddb37d-4f9f-46e0-b10a-604859293943,Elysee While,elysee.while@hotmail.com,Recipient,hS9%)z?&@,11/16/2024
3246862e-e7ec-444d-8461-e9709ab7f6b9,Shayne Rattray,shayne.rattray@yahoo.com,Donor,aV3_Jy70,06/11/2025
36baf933-3cdf-487d-a32e-63cbda4578b1,Aguste Brydell,aguste.brydell@yahoo.com,Recipient,"kT6*!}eI`V{O""%_}",7/14/2025
8c67c2dd-9479-4a98-a798-be00ed0b1cd6,Emilia McCosker,emilia.mccosker@hotmail.com,Recipient,"sW9,W$S32dsHfn{",08/08/2025
0c083c50-fc94-4ef3-8f9d-999c659b0152,Marthe Cotter,marthe.cotter@yahoo.com,Donor,aH4<&C!J,10/20/2024
9851f72e-60e0-466d-880e-7423247d332a,Oriana Meiner,oriana.meiner@yahoo.de,Donor,uH5!Umfur,4/16/2025
b772b69c-6a26-42de-990b-b6d6c68ce2db,Case Spelsbury,case.spelsbury@gmail.com,Donor,"rC5,gr#(",11/03/2024
06a84f5b-0259-4a36-ae58-be330f927492,Agnella Hardern,agnella.hardern@yahoo.com,Recipient,iN4*FUnyd0\),11/29/2024
9fe8cb8a-5240-430d-843b-57ae73ec581b,Tani Dallosso,tani.dallosso@yahoo.com,Recipient,lE6.dw.aIunQ,8/23/2024
1d9ff7aa-053d-4925-9e08-c049573ef534,Gavrielle Fielder,gavrielle.fielder@yahoo.com,Donor,oG5`v'u1Fk/f8M0,09/07/2024
0b6be00e-0b95-4de9-94c7-0c50eb1d6bed,Selina Soppitt,selina.soppitt@yahoo.com,Admin,gF3.Zk`2oc60'{H',12/21/2024
c0cb839a-6756-4e44-b7c2-dd645c352605,Darby Bartelot,darby.bartelot@gmail.com,Donor,nP5.2TW<L@W5a,2/28/2025
63f5b80b-3ccd-416f-aedd-91b12ffc2b16,Cathi Acuna,cathi.acuna@yahoo.co.uk,Recipient,cP8/bx'&wRhyU,05/11/2025